{"CurrentMusicVolume":0.6255483031272888,"MusicMuted":true,"CurrentMetronomeVolume":0.3755483031272888,"MetronomeMuted":false}